<?xml version="1.0" encoding="UTF-8" ?>
<odoo>
    <data noupdate="0">
        <record id="quotation_limit_mail_template" model="mail.template">
            <field name="name">quotation limit mail template</field>
            <field name="model_id" ref="res_partner.model_res_partner"/>
            <field name="email_from">${object.user_id.email_formatted | safe}</field>
            <field name="subject">Quotation Limit</field>
            <field name="body_html" type="html">
                <div style="margin: 0px; padding: 0px; border:1px solid black;">
                    <p style="margin: 0px; padding: 0px; font-size: 13px;">
                        Hello ${object.email},
                        <br/>
                        <br/>
                        This is to notify you that your <span>${ctx['message']}</span> limit has exceed for the ${object.name}.
                        <br/>
                        <br/>
                        <ul>
                            <li>
                                <b>Customer Name - </b><span>${object.name}</span>
                            </li>
                            <li>
                                <b>Limit for Customer -</b><span>${ctx['exceeding_amount']}</span>
                            </li>
                        </ul>
                        Regards
                        <br/>
                        Aktiv Software
                    </p>
                </div>
            </field>
        </record>
    </data>

</odoo>