<?xml version="1.0" encoding="UTF-8" ?>
<odoo>
    <data noupdate="0">
        <!--Email template -->
        <record id="partner_mail_template_view" model="mail.template">
            <field name="name">Credit/Block limit</field>
            <field name="model_id" ref="credit_block_limit.model_res_partner"/>
            <field name="email_from">akash@gmail.com</field>
            <field name="subject">Credit/Block limit exceeds</field>
            <field name="body_html" type="html">
                <div style="margin: 0px; padding: 0px; border:1px solid black;">
                    <p style="margin: 0px; padding: 0px; font-size: 13px;">
                        Hello ${object.email},
                        <br/>
                        <br/>
                        This is to notify you that your credit/block limit
                        has exceed for the ${object.name}.
                        <br/>
                        <br/>
                        <ul>
                            <li><b>Customer Name - </b><span>${object.name}</span></li>
                            <li><b>Limit for Customer - </b><span>${object.name}</span></li>
                        </ul>
                        <br/>
                        Regards<br/>
                        Aktiv Software
                    </p>
                </div>
            </field>
        </record>
    </data>

</odoo>